<?xml version="1.0" encoding="UTF-8"?><ValueSet xmlns="http://hl7.org/fhir"><id value="EyeColorVS"/><text><status value="generated"/><div xmlns="http://www.w3.org/1999/xhtml"><p class="res-header-id"><b>Generated Narrative: ValueSet EyeColorVS</b></p><a name="EyeColorVS"> </a><a name="hcEyeColorVS"> </a><a name="EyeColorVS-fr-FR"> </a><ul><li>Include these codes as defined in <a href="http://www.snomed.org/"><code>http://snomed.info/sct</code></a><table class="none"><tr><td style="white-space:nowrap"><b>Code</b></td><td><b>Display</b></td></tr><tr><td><a href="http://snomed.info/id/405738005">405738005</a></td><td>Blue color</td></tr><tr><td><a href="http://snomed.info/id/371254008">371254008</a></td><td>Brown color</td></tr><tr><td><a href="http://snomed.info/id/54662009">54662009</a></td><td>Green color</td></tr></table></li></ul></div></text><url value="https://interop.esante.gouv.fr/ig/doctrine/ValueSet/EyeColorVS"/><version value="0.1.0"/><name value="EyeColorVS"/><title value="EyeColor Value Set"/><status value="draft"/><date value="2024-11-14T08:59:28+00:00"/><publisher value="ANS"/><contact><name value="ANS"/><telecom><system value="url"/><value value="https://esante.gouv.fr"/></telecom></contact><description value="Different eye colors."/><jurisdiction><coding><system value="urn:iso:std:iso:3166"/><code value="FR"/><display value="FRANCE"/></coding></jurisdiction><compose><include><system value="http://snomed.info/sct"/><concept><code value="405738005"/><display value="Blue color"/></concept><concept><code value="371254008"/><display value="Brown color"/></concept><concept><code value="54662009"/><display value="Green color"/></concept></include></compose></ValueSet>