{"resourceType":"ValueSet","id":"ModifiedAdministrativeGender","text":{"status":"extensions","div":"<div xmlns=\"http://www.w3.org/1999/xhtml\"><p class=\"res-header-id\"><b>Generated Narrative: ValueSet ModifiedAdministrativeGender</b></p><a name=\"ModifiedAdministrativeGender\"> </a><a name=\"hcModifiedAdministrativeGender\"> </a><a name=\"ModifiedAdministrativeGender-fr-FR\"> </a><p>This value set includes codes based on the following rules:</p><ul><li>Include all codes defined in <a href=\"http://hl7.org/fhir/R4/codesystem-administrative-gender.html\"><code>http://hl7.org/fhir/administrative-gender</code></a></li></ul><p>This value set excludes codes based on the following rules:</p><ul><li>Exclude these codes as defined in <a href=\"http://hl7.org/fhir/R4/codesystem-administrative-gender.html\"><code>http://hl7.org/fhir/administrative-gender</code></a><table class=\"none\"><tr><td style=\"white-space:nowrap\"><b>Code</b></td><td><b>Display</b></td><td><b>Definition</b></td></tr><tr><td><a href=\"http://hl7.org/fhir/R4/codesystem-administrative-gender.html#administrative-gender-unknown\">unknown</a></td><td style=\"color: #cccccc\">Unknown</td><td>Unknown.</td></tr></table></li></ul></div>"},"url":"https://interop.esante.gouv.fr/ig/doctrine/ValueSet/ModifiedAdministrativeGender","version":"0.1.0","name":"ModifiedAdministrativeGender","title":"ModifiedAdministrativeGender","status":"draft","date":"2024-11-14T14:07:34+00:00","publisher":"ANS","contact":[{"name":"ANS","telecom":[{"system":"url","value":"https://esante.gouv.fr"}]}],"description":"AdministrativeGender without unknown code","jurisdiction":[{"coding":[{"system":"urn:iso:std:iso:3166","code":"FR","display":"FRANCE"}]}],"compose":{"include":[{"system":"http://hl7.org/fhir/administrative-gender"}],"exclude":[{"system":"http://hl7.org/fhir/administrative-gender","concept":[{"code":"unknown"}]}]}}