<?xml version="1.0" encoding="UTF-8"?><ValueSet xmlns="http://hl7.org/fhir"><id value="ModifiedAdministrativeGender"/><text><status value="extensions"/><div xmlns="http://www.w3.org/1999/xhtml"><p class="res-header-id"><b>Generated Narrative: ValueSet ModifiedAdministrativeGender</b></p><a name="ModifiedAdministrativeGender"> </a><a name="hcModifiedAdministrativeGender"> </a><a name="ModifiedAdministrativeGender-fr-FR"> </a><p>This value set includes codes based on the following rules:</p><ul><li>Include all codes defined in <a href="http://hl7.org/fhir/R4/codesystem-administrative-gender.html"><code>http://hl7.org/fhir/administrative-gender</code></a></li></ul><p>This value set excludes codes based on the following rules:</p><ul><li>Exclude these codes as defined in <a href="http://hl7.org/fhir/R4/codesystem-administrative-gender.html"><code>http://hl7.org/fhir/administrative-gender</code></a><table class="none"><tr><td style="white-space:nowrap"><b>Code</b></td><td><b>Display</b></td><td><b>Definition</b></td></tr><tr><td><a href="http://hl7.org/fhir/R4/codesystem-administrative-gender.html#administrative-gender-unknown">unknown</a></td><td style="color: #cccccc">Unknown</td><td>Unknown.</td></tr></table></li></ul></div></text><url value="https://interop.esante.gouv.fr/ig/doctrine/ValueSet/ModifiedAdministrativeGender"/><version value="0.1.0"/><name value="ModifiedAdministrativeGender"/><title value="ModifiedAdministrativeGender"/><status value="draft"/><date value="2024-11-14T10:41:26+00:00"/><publisher value="ANS"/><contact><name value="ANS"/><telecom><system value="url"/><value value="https://esante.gouv.fr"/></telecom></contact><description value="AdministrativeGender without unknown code"/><jurisdiction><coding><system value="urn:iso:std:iso:3166"/><code value="FR"/><display value="FRANCE"/></coding></jurisdiction><compose><include><system value="http://hl7.org/fhir/administrative-gender"/></include><exclude><system value="http://hl7.org/fhir/administrative-gender"/><concept><code value="unknown"/></concept></exclude></compose></ValueSet>